{"neighborhood": {"Alphabet City, East Village, Downtown Manhattan, Manhattan": 8.255148857783782, "Astoria, Northwestern Queens, Queens": 7.840537374022017, "Battery Park City, Downtown Manhattan, Manhattan": 8.509138421509942, "Bedford-Stuyvesant, Northern Brooklyn, Brooklyn": 7.879139423349559, "Bushwick, Northern Brooklyn, Brooklyn": 7.9391235111134275, "Central Harlem, Upper Manhattan, Manhattan": 7.707461666785035, "Chelsea, Midtown Manhattan, Manhattan": 8.427111072325136, "Crown Heights, Central Brooklyn, Brooklyn": 8.04413657229269, "Downtown Brooklyn, Northwestern Brooklyn, Brooklyn": 8.153112860262341, "East Harlem, Upper Manhattan, Manhattan": 7.9876858356233855, "East Village, Downtown Manhattan, Manhattan": 8.247055825164187, "East Williamsburg, Williamsburg, Northern Brooklyn, Brooklyn": 8.083226550719482, "Financial District, Downtown Manhattan, Manhattan": 8.329744585824345, "Flatbush, Central Brooklyn, Brooklyn": 7.8120693295829735, "Flatiron District, Midtown Manhattan, Manhattan": 8.560181081921579, "Gramercy Park, Midtown Manhattan, Manhattan": 8.314978305104969, "Greenpoint, Northern Brooklyn, Brooklyn": 8.170695588254512, "Greenwich Village, Downtown Manhattan, Manhattan": 8.313328953531478, "Hamilton Heights, West Harlem, Upper Manhattan, Manhattan": 7.774859941449683, "Hell's Kitchen, Midtown Manhattan, Manhattan": 8.238462510443952, "Hudson Heights, Washington Heights, Upper Manhattan, Manhattan": 7.70685150638994, "Hunters Point, Long Island City, Northwestern Queens, Queens": 8.162958843640318, "Inwood, Upper Manhattan, Manhattan": 7.63729144731489, "Kips Bay, Midtown Manhattan, Manhattan": 8.263869733724501, "Lincoln Square, Upper West Side, Upper Manhattan, Manhattan": 8.52410551318953, "Long Island City, Northwestern Queens, Queens": 8.097859313139717, "Lower East Side, Downtown Manhattan, Manhattan": 8.467105968767056, "Manhattan Valley, Upper West Side, Upper Manhattan, Manhattan": 8.17642405631584, "Midtown East, Midtown Manhattan, Manhattan": 8.233772263725179, "Murray Hill, Midtown Manhattan, Manhattan": 8.219682284061777, "NoLita, Downtown Manhattan, Manhattan": 8.247852099411682, "NoMad, Midtown Manhattan, Manhattan": 8.526405780348053, "Rose Hill, Kips Bay, Midtown Manhattan, Manhattan": 8.095965250237525, "Sutton Place, Midtown East, Midtown Manhattan, Manhattan": 8.287713832671752, "Theater District, Midtown Manhattan, Manhattan": 8.362883837653538, "Tribeca, Downtown Manhattan, Manhattan": 8.701971005906838, "Turtle Bay, Midtown East, Midtown Manhattan, Manhattan": 8.283561635973545, "Upper East Side, Upper Manhattan, Manhattan": 8.164517760050341, "Upper West Side, Upper Manhattan, Manhattan": 8.316642145308824, "Washington Heights, Upper Manhattan, Manhattan": 7.8447978630680755, "West Village, Downtown Manhattan, Manhattan": 8.386032723415079, "Williamsburg, Northern Brooklyn, Brooklyn": 8.35942379485162, "Yorkville, Upper East Side, Upper Manhattan, Manhattan": 8.051984676857153}}